Workbook

Sheet dados_projeto
A1: Id_projeto | B1: NomeProjeto | C1: Empresa | D1: Status | E1: idStatus | F1: Matricula_GP | G1: ID_Filial | H1: Mês Inicio da alocação | I1: Ano Inicio da alocação | J1: cenario 1 | K1: cenario 2 | L1: cenario 3
A2: 16045 | B2: OTIMIZEPLAN | C2: PETROBRAS | D2: Contratado | E2: 4 | F2: 73920 | G2: 62 | H2: 5 | I2: 2026 | J2: 1 | K2: 1 | L2: 1
E3: =IF(ISBLANK(D3),"",VLOOKUP(D3,#REF!,2,FALSE))
E4: =IF(ISBLANK(D4),"",VLOOKUP(D4,#REF!,2,FALSE))
E5: =IF(ISBLANK(D5),"",VLOOKUP(D5,#REF!,2,FALSE))
E6: =IF(ISBLANK(D6),"",VLOOKUP(D6,#REF!,2,FALSE))
E7: =IF(ISBLANK(D7),"",VLOOKUP(D7,#REF!,2,FALSE))
E8: =IF(ISBLANK(D8),"",VLOOKUP(D8,#REF!,2,FALSE))
E9: =IF(ISBLANK(D9),"",VLOOKUP(D9,#REF!,2,FALSE))
E10: =IF(ISBLANK(D10),"",VLOOKUP(D10,#REF!,2,FALSE))
E11: =IF(ISBLANK(D11),"",VLOOKUP(D11,#REF!,2,FALSE))
E12: =IF(ISBLANK(D12),"",VLOOKUP(D12,#REF!,2,FALSE))
E13: =IF(ISBLANK(D13),"",VLOOKUP(D13,#REF!,2,FALSE))
E14: =IF(ISBLANK(D14),"",VLOOKUP(D14,#REF!,2,FALSE))
... E52: =IF(ISBLANK(D52),"",VLOOKUP(D52,#REF!,2,FALSE))

Sheet Novos_Pesquisadores
A1: Matricula | B1: Nome | C1: Ativo | D1: Equipe | E1: ID_Equipe | F1: Area | G1: ID_Area | H1: Contrato | I1: ID_Contrato | J1: Iníciocontrato | K1: fimcontrato | L1: formacao | M1: ID_Filial | N1: cargahoraria Diária | O1: Remuneração | P1: InicioVigencia
A2: 36925 | B2: Larissa Vitoria Gatti de Andrade | D2: Embarcados | E2: =IF(ISBLANK(D2),"",VLOOKUP(D2,Planilha4!$A$2:$B$11,2,FALSE)) -> 4 | F2: Software | G2: =IF(ISBLANK(F2),"",VLOOKUP(F2,Planilha4!G2:H17,2,FALSE)) -> 11 | H2: Bolsista II | I2: =IF(ISBLANK(H2),"",VLOOKUP(H2,Planilha4!D2:E30,2,FALSE)) -> 2 | J2: 05/03/2026 | K2: 46451 | L2: Ensino Superior | N2: 8 | O2: 2900.39 | P2: 46143
E3: =IF(ISBLANK(D3),"",VLOOKUP(D3,Planilha4!$A$2:$B$11,2,FALSE)) | G3: =IF(ISBLANK(F3),"",VLOOKUP(F3,Planilha4!G3:H18,2,FALSE)) | I3: =IF(ISBLANK(H3),"",VLOOKUP(H3,#REF!,2,FALSE))
E4: =IF(ISBLANK(D4),"",VLOOKUP(D4,Planilha4!$A$2:$B$11,2,FALSE)) | G4: =IF(ISBLANK(F4),"",VLOOKUP(F4,Planilha4!G4:H19,2,FALSE)) | I4: =IF(ISBLANK(H4),"",VLOOKUP(H4,#REF!,2,FALSE))
E5: =IF(ISBLANK(D5),"",VLOOKUP(D5,Planilha4!$A$2:$B$11,2,FALSE)) | G5: =IF(ISBLANK(F5),"",VLOOKUP(F5,Planilha4!G5:H20,2,FALSE)) | I5: =IF(ISBLANK(H5),"",VLOOKUP(H5,#REF!,2,FALSE))
E6: =IF(ISBLANK(D6),"",VLOOKUP(D6,Planilha4!$A$2:$B$11,2,FALSE)) | G6: =IF(ISBLANK(F6),"",VLOOKUP(F6,Planilha4!G6:H21,2,FALSE)) | I6: =IF(ISBLANK(H6),"",VLOOKUP(H6,#REF!,2,FALSE))
E7: =IF(ISBLANK(D7),"",VLOOKUP(D7,Planilha4!$A$2:$B$11,2,FALSE)) | G7: =IF(ISBLANK(F7),"",VLOOKUP(F7,Planilha4!G7:H22,2,FALSE)) | I7: =IF(ISBLANK(H7),"",VLOOKUP(H7,#REF!,2,FALSE))
E8: =IF(ISBLANK(D8),"",VLOOKUP(D8,Planilha4!$A$2:$B$11,2,FALSE)) | G8: =IF(ISBLANK(F8),"",VLOOKUP(F8,Planilha4!G8:H23,2,FALSE)) | I8: =IF(ISBLANK(H8),"",VLOOKUP(H8,#REF!,2,FALSE))
E9: =IF(ISBLANK(D9),"",VLOOKUP(D9,Planilha4!$A$2:$B$11,2,FALSE)) | G9: =IF(ISBLANK(F9),"",VLOOKUP(F9,Planilha4!G9:H24,2,FALSE)) | I9: =IF(ISBLANK(H9),"",VLOOKUP(H9,#REF!,2,FALSE))
E10: =IF(ISBLANK(D10),"",VLOOKUP(D10,Planilha4!$A$2:$B$11,2,FALSE)) | G10: =IF(ISBLANK(F10),"",VLOOKUP(F10,Planilha4!G10:H25,2,FALSE)) | I10: =IF(ISBLANK(H10),"",VLOOKUP(H10,#REF!,2,FALSE))
E11: =IF(ISBLANK(D11),"",VLOOKUP(D11,Planilha4!$A$2:$B$11,2,FALSE)) | G11: =IF(ISBLANK(F11),"",VLOOKUP(F11,Planilha4!G11:H26,2,FALSE)) | I11: =IF(ISBLANK(H11),"",VLOOKUP(H11,#REF!,2,FALSE))
E12: =IF(ISBLANK(D12),"",VLOOKUP(D12,Planilha4!$A$2:$B$11,2,FALSE)) | G12: =IF(ISBLANK(F12),"",VLOOKUP(F12,Planilha4!G12:H27,2,FALSE)) | I12: =IF(ISBLANK(H12),"",VLOOKUP(H12,#REF!,2,FALSE))
E13: =IF(ISBLANK(D13),"",VLOOKUP(D13,Planilha4!$A$2:$B$11,2,FALSE)) | G13: =IF(ISBLANK(F13),"",VLOOKUP(F13,Planilha4!G13:H28,2,FALSE)) | I13: =IF(ISBLANK(H13),"",VLOOKUP(H13,#REF!,2,FALSE))
E14: =IF(ISBLANK(D14),"",VLOOKUP(D14,Planilha4!$A$2:$B$11,2,FALSE)) | G14: =IF(ISBLANK(F14),"",VLOOKUP(F14,Planilha4!G14:H29,2,FALSE)) | I14: =IF(ISBLANK(H14),"",VLOOKUP(H14,#REF!,2,FALSE))
... E34: =IF(ISBLANK(D34),"",VLOOKUP(D34,Planilha4!$A$2:$B$11,2,FALSE)) | G34: =IF(ISBLANK(F34),"",VLOOKUP(F34,Planilha4!G34:H49,2,FALSE)) | I34: =IF(ISBLANK(H34),"",VLOOKUP(H34,#REF!,2,FALSE))
E35: =IF(ISBLANK(D35),"",VLOOKUP(D35,Planilha4!$A$2:$B$11,2,FALSE)) | G35: =IF(ISBLANK(F35),"",VLOOKUP(F35,#REF!,2,FALSE)) | I35: =IF(ISBLANK(H35),"",VLOOKUP(H35,#REF!,2,FALSE))
E36: =IF(ISBLANK(D36),"",VLOOKUP(D36,Planilha4!$A$2:$B$11,2,FALSE)) | G36: =IF(ISBLANK(F36),"",VLOOKUP(F36,#REF!,2,FALSE)) | I36: =IF(ISBLANK(H36),"",VLOOKUP(H36,#REF!,2,FALSE))
E37: =IF(ISBLANK(D37),"",VLOOKUP(D37,Planilha4!$A$2:$B$11,2,FALSE)) | G37: =IF(ISBLANK(F37),"",VLOOKUP(F37,#REF!,2,FALSE)) | I37: =IF(ISBLANK(H37),"",VLOOKUP(H37,#REF!,2,FALSE))
E38: =IF(ISBLANK(D38),"",VLOOKUP(D38,Planilha4!$A$2:$B$11,2,FALSE)) | G38: =IF(ISBLANK(F38),"",VLOOKUP(F38,#REF!,2,FALSE)) | I38: =IF(ISBLANK(H38),"",VLOOKUP(H38,#REF!,2,FALSE))
E39: =IF(ISBLANK(D39),"",VLOOKUP(D39,Planilha4!$A$2:$B$11,2,FALSE)) | G39: =IF(ISBLANK(F39),"",VLOOKUP(F39,#REF!,2,FALSE)) | I39: =IF(ISBLANK(H39),"",VLOOKUP(H39,#REF!,2,FALSE))
E40: =IF(ISBLANK(D40),"",VLOOKUP(D40,Planilha4!$A$2:$B$11,2,FALSE)) | G40: =IF(ISBLANK(F40),"",VLOOKUP(F40,#REF!,2,FALSE)) | I40: =IF(ISBLANK(H40),"",VLOOKUP(H40,#REF!,2,FALSE))

Sheet Alocacao
A1: Matricula | B1: Tipo Alocacao | C1: id_tipo | D1: Perfil | E1: 46143 | F1: 46174 | G1: 46204 | H1: 46235 | I1: 46266 | J1: 46296 | K1: 46327 | L1: 46357 | M1: 46388 | N1: 46419
A2: 73920 | B2: TecnicaANP | C2: =IF(ISBLANK(B2),"",VLOOKUP(B2,Planilha4!$P$2:$Q$25,2,FALSE)) -> 6 | D2: AUGUSTO MARASCA DE CONTO | E2: 0 | F2: =88-36 -> 52 | G2: 88 | H2: 88 | I2: 88 | J2: 88 | K2: 88 | L2: 88 | M2: 0 | N2: 0
A3: 36586 | B3: TecnicaEPII | C3: =IF(ISBLANK(B3),"",VLOOKUP(B3,Planilha4!$P$2:$Q$25,2,FALSE)) -> 5 | D3: CESAR TADEU NASSER MEDEIROS BRANCO | E3: 176 | F3: 176 | G3: 176 | H3: 176 | I3: 176 | J3: 176 | K3: 176 | L3: 176 | M3: 0 | N3: 0
A4: 36529 | B4: TecnicaEPII | C4: =IF(ISBLANK(B4),"",VLOOKUP(B4,Planilha4!$P$2:$Q$25,2,FALSE)) -> 5 | D4: FRANCISCO GLAUBOS NUNES CLIMACO | E4: 0 | F4: 0 | G4: 0 | H4: 0 | I4: 0 | J4: 0 | K4: 0 | L4: 0 | M4: 0 | N4: 0
A5: 79483 | B5: TecnicaEPII | C5: =IF(ISBLANK(B5),"",VLOOKUP(B5,Planilha4!$P$2:$Q$25,2,FALSE)) -> 5 | D5: GABRIEL MEDEIROS LOPES CARNEIRO | E5: 0 | F5: 0 | G5: 0 | H5: 0 | I5: 0 | J5: 0 | K5: 0 | L5: 0 | M5: 0 | N5: 0
A6: 79483 | B6: TecnicaANP | C6: =IF(ISBLANK(B6),"",VLOOKUP(B6,Planilha4!$P$2:$Q$25,2,FALSE)) -> 6 | D6: GABRIEL MEDEIROS LOPES CARNEIRO | E6: 176 | F6: 176 | G6: 176 | H6: 176 | I6: 176 | J6: 176 | K6: 176 | L6: 176 | M6: 0 | N6: 0
A7: 75705 | B7: TecnicaEPII | C7: =IF(ISBLANK(B7),"",VLOOKUP(B7,Planilha4!$P$2:$Q$25,2,FALSE)) -> 5 | D7: GABRIEL RODRIGUES SEGALLA | E7: 0 | F7: 0 | G7: 0 | H7: 0 | I7: 0 | J7: 0 | K7: 0 | L7: 0 | M7: 0 | N7: 0
A8: 36712 | B8: TecnicaEPII | C8: =IF(ISBLANK(B8),"",VLOOKUP(B8,Planilha4!$P$2:$Q$25,2,FALSE)) -> 5 | D8: Leticia Becher Yamashita | E8: 0 | F8: 0 | G8: 0 | H8: 0 | I8: 0 | J8: 0 | K8: 0 | L8: 0 | M8: 0 | N8: 0
A9: 73605 | B9: TecnicaANP | C9: =IF(ISBLANK(B9),"",VLOOKUP(B9,Planilha4!$P$2:$Q$25,2,FALSE)) -> 6 | D9: MARCELO CANZIAN NUNES | E9: 176 | F9: 176 | G9: 176 | H9: 176 | I9: 176 | J9: 176 | K9: 176 | L9: 176 | M9: 0 | N9: 0
A10: 73211 | B10: TecnicaANP | C10: =IF(ISBLANK(B10),"",VLOOKUP(B10,Planilha4!$P$2:$Q$25,2,FALSE)) -> 6 | D10: MARCIO DA SILVA ARANTES | E10: 88 | F10: 88 | G10: 88 | H10: 88 | I10: 88 | J10: 88 | K10: 88 | L10: 88 | M10: 0 | N10: 0
A11: 73211 | B11: TecnicaEPII | C11: =IF(ISBLANK(B11),"",VLOOKUP(B11,Planilha4!$P$2:$Q$25,2,FALSE)) -> 5 | D11: MARCIO DA SILVA ARANTES | E11: 0 | F11: 0 | G11: 0 | H11: 0 | I11: 0 | J11: 0 | K11: 0 | L11: 0 | M11: 0 | N11: 0
A12: 73771 | B12: TecnicaANP | C12: =IF(ISBLANK(B12),"",VLOOKUP(B12,Planilha4!$P$2:$Q$25,2,FALSE)) -> 6 | D12: PAULO HENRIQUE BENCZIK | E12: 176 | F12: 176 | G12: 176 | H12: 176 | I12: 176 | J12: 176 | K12: 176 | L12: 176 | M12: 0 | N12: 0
A13: 75776 | B13: TecnicaANP | C13: =IF(ISBLANK(B13),"",VLOOKUP(B13,Planilha4!$P$2:$Q$25,2,FALSE)) -> 6 | D13: RAFAEL MONTEIRO VERAS | E13: 88 | F13: 88 | G13: 88 | H13: 88 | I13: 88 | J13: 88 | K13: 88 | L13: 88 | M13: 0 | N13: 0
A14: 76612 | B14: TecnicaEPII | C14: =IF(ISBLANK(B14),"",VLOOKUP(B14,Planilha4!$P$2:$Q$25,2,FALSE)) -> 5 | D14: REGIS CARDOSO | E14: 0 | F14: 0 | G14: 0 | H14: 0 | I14: 0 | J14: 0 | K14: 0 | L14: 0 | M14: 0 | N14: 0
... A21: 36859 | B21: TecnicaEPII | C21: =IF(ISBLANK(B21),"",VLOOKUP(B21,Planilha4!$P$2:$Q$25,2,FALSE)) -> 5 | D21: ROGERIO PEREIRA JUNIOR | E21: 176 | F21: 176 | G21: 176 | H21: 176 | I21: 176 | J21: 176 | K21: 176 | L21: 176 | M21: 0 | N21: 0
A22: 36925 | B22: TecnicaEPII | C22: =IF(ISBLANK(B22),"",VLOOKUP(B22,Planilha4!$P$2:$Q$25,2,FALSE)) -> 5 | D22: Larissa Vitoria Gatti de Andrade
C23: =IF(ISBLANK(B23),"",VLOOKUP(B23,Planilha4!$P$2:$Q$25,2,FALSE))
C24: =IF(ISBLANK(B24),"",VLOOKUP(B24,Planilha4!$P$2:$Q$25,2,FALSE))
C25: =IF(ISBLANK(B25),"",VLOOKUP(B25,Planilha4!$P$2:$Q$25,2,FALSE))
C26: =IF(ISBLANK(B26),"",VLOOKUP(B26,Planilha4!$P$2:$Q$25,2,FALSE))
C27: =IF(ISBLANK(B27),"",VLOOKUP(B27,Planilha4!$P$2:$Q$25,2,FALSE))
C28: =IF(ISBLANK(B28),"",VLOOKUP(B28,Planilha4!$P$2:$Q$25,2,FALSE))
C29: =IF(ISBLANK(B29),"",VLOOKUP(B29,Planilha4!$P$2:$Q$25,2,FALSE))
C30: =IF(ISBLANK(B30),"",VLOOKUP(B30,Planilha4!$P$2:$Q$25,2,FALSE))
C31: =IF(ISBLANK(B31),"",VLOOKUP(B31,Planilha4!$P$2:$Q$25,2,FALSE))
C32: =IF(ISBLANK(B32),"",VLOOKUP(B32,Planilha4!$P$2:$Q$25,2,FALSE))
C33: =IF(ISBLANK(B33),"",VLOOKUP(B33,Planilha4!$P$2:$Q$25,2,FALSE))
C34: =IF(ISBLANK(B34),"",VLOOKUP(B34,Planilha4!$P$2:$Q$25,2,FALSE))
... C58: =IF(ISBLANK(B58),"",VLOOKUP(B58,Planilha4!$P$2:$Q$25,2,FALSE))
C59: =IF(ISBLANK(B59),"",VLOOKUP(B59,#REF!,2,FALSE))

Sheet Planilha4
A1: Nome_equipe | B1: idEquipe | D1: Tipo_contrato | E1: idContratos | G1: Nome_Area | H1: idarea | K1: Ativo | M1: Ensino médio | P1: Tipo_alocacao | Q1: id_tipo | S1: Status | T1: idStatus
A2: Manufatura | B2: 1 | D2: Bolsista I | E2: 1 | G2: PMO | H2: 1 | K2: Planejado | M2: Técnico | P2: Técnica | Q2: 1 | S2: Prospecção | T2: 1
A3: Laser | B3: 2 | D3: Bolsista II | E3: 2 | G3: Automação/Controle | H3: 2 | K3: Desligado | M3: Ensino Superior | P3: Econômica | Q3: 2 | S3: Aditivo | T3: 2
A4: Latecme | B4: 3 | D4: Bolsista III | E4: 3 | G4: Coordenação | H4: 3 | M4: Especialização | P4: Prospecção | Q4: 3 | S4: Em Contratação | T4: 3
A5: Embarcados | B5: 4 | D5: Bolsista IV | E5: 4 | G5: Hardware | H5: 4 | M5: Mestrado | P5: OffShore | Q5: 4 | S5: Contratado | T5: 4
A6: Apoio | B6: 5 | D6: Bolsista V | E6: 5 | G6: Software Embarcado | H6: 5 | M6: Doutorado | P6: TecnicaEPII | Q6: 5 | S6: Em Encerramento | T6: 5
A7: Coordenação | B7: 6 | D7: Bolsista VI | E7: 6 | G7: Gestão de projetos | H7: 6 | P7: TecnicaANP | Q7: 6 | S7: Encerrado | T7: 6
A8: Vendas | B8: 7 | D8: Estagiário | E8: 7 | G8: Gestão unidade | H8: 7
A9: Gestão | B9: 8 | D9: Pesquisador(a) I | E9: 8 | G9: IA/Otimização | H9: 8
A10: Serviços | B10: 9 | D10: Pesquisador(a) II | E10: 9 | G10: Mecânica | H10: 9
A11: AGP | B11: 10 | D11: Pesquisador(a) III | E11: 10 | G11: Sistemas Aeroespaciais | H11: 10
D12: GP I | E12: 11 | G12: Software | H12: 11
D13: GP II | E13: 12 | G13: Vendas | H13: 12
D14: Coordenaçao | E14: 13 | G14: Visão computacional | H14: 13
D15: Apoio | E15: 14 | G15: Direção | H15: 14
D16: Apoio PMO | E16: 15 | G16: Machine Learning | H16: 15
D17: Vendas | E17: 16 | G17: PCP | H17: 16
D18: Assessor de Inovação | E18: 17
D19: Gerente de Operações | E19: 18
D20: Pesquisador Chefe | E20: 19
D21: Técnico Serviços Especializados | E21: 20
D22: Supervisor de Manutenção | E22: 21
D23: Analista de PCP | E23: 22
D24: Assistente Administrativo | E24: 23
D25: Assessor de Gestão Estratégica | E25: 24
D26: Analista de Gestão de Pessoas | E26: 25
D27: Analista de Gestão de Projetos I | E27: 26
D28: Analista de Gestão de Projetos II | E28: 27
D29: Analista de Gestão de Projetos III | E29: 28
D30: Analista Administrativo | E30: 29
